{
	"start":	{
		"connected":	[{
				"socket":	5,
				"local_host":	"10.10.1.1",
				"local_port":	48866,
				"remote_host":	"10.10.2.2",
				"remote_port":	5001
			}],
		"version":	"iperf 3.10.1",
		"system_info":	"Linux sender.qyl-project1.ch-geni-net.geni.uchicago.edu 4.15.0-159-generic #167-Ubuntu SMP Tue Sep 21 08:55:05 UTC 2021 x86_64",
		"timestamp":	{
			"time":	"Sat, 11 Dec 2021 03:50:29 GMT",
			"timesecs":	1639194629
		},
		"connecting_to":	{
			"host":	"server",
			"port":	5001
		},
		"cookie":	"qv3wsdzbvmxrstwh2cmjcvrmzcts4dytn4ax",
		"tcp_mss_default":	1448,
		"sock_bufsize":	0,
		"sndbuf_actual":	16384,
		"rcvbuf_actual":	131072,
		"test_start":	{
			"protocol":	"TCP",
			"num_streams":	1,
			"blksize":	131072,
			"omit":	0,
			"duration":	200,
			"bytes":	0,
			"blocks":	0,
			"reverse":	0,
			"tos":	0
		}
	},
	"intervals":	[{
			"streams":	[{
					"socket":	5,
					"start":	0,
					"end":	1.000374,
					"seconds":	1.0003739595413208,
					"bytes":	2410920,
					"bits_per_second":	19280150.003947929,
					"retransmits":	0,
					"snd_cwnd":	130320,
					"snd_wnd":	-1,
					"rtt":	139056,
					"rttvar":	10867,
					"pmtu":	1500,
					"omitted":	false,
					"sender":	true
				}],
			"sum":	{
				"start":	0,
				"end":	1.000374,
				"seconds":	1.0003739595413208,
				"bytes":	2410920,
				"bits_per_second":	19280150.003947929,
				"retransmits":	0,
				"omitted":	false,
				"sender":	true
			}
		}, {
			"streams":	[{
					"socket":	5,
					"start":	1.000374,
					"end":	2.000593,
					"seconds":	1.0002189874649048,
					"bytes":	586440,
					"bits_per_second":	4690492.8408636255,
					"retransmits":	0,
					"snd_cwnd":	110048,
					"snd_wnd":	-1,
					"rtt":	172915,
					"rttvar":	334,
					"pmtu":	1500,
					"omitted":	false,
					"sender":	true
				}],
			"sum":	{
				"start":	1.000374,
				"end":	2.000593,
				"seconds":	1.0002189874649048,
				"bytes":	586440,
				"bits_per_second":	4690492.8408636255,
				"retransmits":	0,
				"omitted":	false,
				"sender":	true
			}
		}, {
			"streams":	[{
					"socket":	5,
					"start":	2.000593,
					"end":	2.381842,
					"seconds":	0.38124901056289673,
					"bytes":	586440,
					"bits_per_second":	12305658.165704314,
					"retransmits":	0,
					"snd_cwnd":	92672,
					"snd_wnd":	-1,
					"rtt":	160374,
					"rttvar":	961,
					"pmtu":	1500,
					"omitted":	false,
					"sender":	true
				}],
			"sum":	{
				"start":	2.000593,
				"end":	2.381842,
				"seconds":	0.38124901056289673,
				"bytes":	586440,
				"bits_per_second":	12305658.165704314,
				"retransmits":	0,
				"omitted":	false,
				"sender":	true
			}
		}],
	"end":	{
		"streams":	[{
				"sender":	{
					"socket":	5,
					"start":	0,
					"end":	2.381842,
					"seconds":	2.381842,
					"bytes":	3583800,
					"bits_per_second":	12037070.468989968,
					"retransmits":	0,
					"max_snd_cwnd":	130320,
					"max_snd_wnd":	0,
					"max_rtt":	172915,
					"min_rtt":	139056,
					"mean_rtt":	157448,
					"sender":	true
				},
				"receiver":	{
					"socket":	5,
					"start":	0,
					"end":	2.381842,
					"seconds":	2.381842,
					"bytes":	0,
					"bits_per_second":	0,
					"sender":	true
				}
			}],
		"sum_sent":	{
			"start":	0,
			"end":	2.381842,
			"seconds":	2.381842,
			"bytes":	3583800,
			"bits_per_second":	12037070.468989968,
			"retransmits":	0,
			"sender":	true
		},
		"sum_received":	{
			"start":	0,
			"end":	2.381842,
			"seconds":	2.381842,
			"bytes":	0,
			"bits_per_second":	0,
			"sender":	true
		},
		"cpu_utilization_percent":	{
			"host_total":	1.0778298616143867,
			"host_user":	0.18266775622257339,
			"host_system":	0.89508375765163617,
			"remote_total":	0,
			"remote_user":	0,
			"remote_system":	0
		},
		"sender_tcp_congestion":	"bbr"
	},
	"error":	"interrupt - the client has terminated",
	"title":	"BBR"
}
