{
	"start":	{
		"connected":	[{
				"socket":	5,
				"local_host":	"10.10.1.1",
				"local_port":	49084,
				"remote_host":	"10.10.2.2",
				"remote_port":	5002
			}],
		"version":	"iperf 3.10.1",
		"system_info":	"Linux sender.qyl-project1.ch-geni-net.geni.uchicago.edu 4.15.0-159-generic #167-Ubuntu SMP Tue Sep 21 08:55:05 UTC 2021 x86_64",
		"timestamp":	{
			"time":	"Sat, 11 Dec 2021 03:50:29 GMT",
			"timesecs":	1639194629
		},
		"connecting_to":	{
			"host":	"server",
			"port":	5002
		},
		"cookie":	"7uw4fottfj42io7gbbifjlsroki3nsbuxllc",
		"tcp_mss_default":	1448,
		"sock_bufsize":	0,
		"sndbuf_actual":	16384,
		"rcvbuf_actual":	131072,
		"test_start":	{
			"protocol":	"TCP",
			"num_streams":	1,
			"blksize":	131072,
			"omit":	0,
			"duration":	200,
			"bytes":	0,
			"blocks":	0,
			"reverse":	0,
			"tos":	0
		}
	},
	"intervals":	[{
			"streams":	[{
					"socket":	5,
					"start":	0,
					"end":	1.00045,
					"seconds":	1.0004500150680542,
					"bytes":	362000,
					"bits_per_second":	2894697.3425783832,
					"retransmits":	0,
					"snd_cwnd":	60816,
					"snd_wnd":	-1,
					"rtt":	137783,
					"rttvar":	18747,
					"pmtu":	1500,
					"omitted":	false,
					"sender":	true
				}],
			"sum":	{
				"start":	0,
				"end":	1.00045,
				"seconds":	1.0004500150680542,
				"bytes":	362000,
				"bits_per_second":	2894697.3425783832,
				"retransmits":	0,
				"omitted":	false,
				"sender":	true
			}
		}, {
			"streams":	[{
					"socket":	5,
					"start":	1.00045,
					"end":	2.000358,
					"seconds":	0.9999079704284668,
					"bytes":	554584,
					"bits_per_second":	4437080.3426027885,
					"retransmits":	0,
					"snd_cwnd":	82536,
					"snd_wnd":	-1,
					"rtt":	172384,
					"rttvar":	666,
					"pmtu":	1500,
					"omitted":	false,
					"sender":	true
				}],
			"sum":	{
				"start":	1.00045,
				"end":	2.000358,
				"seconds":	0.9999079704284668,
				"bytes":	554584,
				"bits_per_second":	4437080.3426027885,
				"retransmits":	0,
				"omitted":	false,
				"sender":	true
			}
		}, {
			"streams":	[{
					"socket":	5,
					"start":	2.000358,
					"end":	2.3814,
					"seconds":	0.3810420036315918,
					"bytes":	195480,
					"bits_per_second":	4104114.467947186,
					"retransmits":	0,
					"snd_cwnd":	91224,
					"snd_wnd":	-1,
					"rtt":	166412,
					"rttvar":	1827,
					"pmtu":	1500,
					"omitted":	false,
					"sender":	true
				}],
			"sum":	{
				"start":	2.000358,
				"end":	2.3814,
				"seconds":	0.3810420036315918,
				"bytes":	195480,
				"bits_per_second":	4104114.467947186,
				"retransmits":	0,
				"omitted":	false,
				"sender":	true
			}
		}],
	"end":	{
		"streams":	[{
				"sender":	{
					"socket":	5,
					"start":	0,
					"end":	2.3814,
					"seconds":	2.3814,
					"bytes":	1112064,
					"bits_per_second":	3735832.7034517508,
					"retransmits":	0,
					"max_snd_cwnd":	91224,
					"max_snd_wnd":	0,
					"max_rtt":	172384,
					"min_rtt":	137783,
					"mean_rtt":	158859,
					"sender":	true
				},
				"receiver":	{
					"socket":	5,
					"start":	0,
					"end":	2.3814,
					"seconds":	2.3814,
					"bytes":	0,
					"bits_per_second":	0,
					"sender":	true
				}
			}],
		"sum_sent":	{
			"start":	0,
			"end":	2.3814,
			"seconds":	2.3814,
			"bytes":	1112064,
			"bits_per_second":	3735832.7034517508,
			"retransmits":	0,
			"sender":	true
		},
		"sum_received":	{
			"start":	0,
			"end":	2.3814,
			"seconds":	2.3814,
			"bytes":	0,
			"bits_per_second":	0,
			"sender":	true
		},
		"cpu_utilization_percent":	{
			"host_total":	13.516418733084318,
			"host_user":	5.042194770025,
			"host_system":	8.4740673816694869,
			"remote_total":	0,
			"remote_user":	0,
			"remote_system":	0
		},
		"sender_tcp_congestion":	"cubic"
	},
	"error":	"interrupt - the client has terminated",
	"title":	"CUBIC"
}
